{"loss": [0.6883134245872498, 0.575127363204956, 0.5163804292678833, 0.4981786012649536, 0.4828238785266876, 0.4495219588279724, 0.4901455044746399, 0.443881094455719, 0.4199281334877014, 0.41741669178009033, 0.4134787917137146, 0.4317368268966675, 0.3804134428501129, 0.40457916259765625, 0.3518887162208557, 0.3765241801738739, 0.3515164852142334, 0.34664517641067505, 0.33609747886657715, 0.3172212541103363, 0.3586958944797516, 0.30388423800468445, 0.262285977602005, 0.2856099009513855], "accuracy": [0.5481798648834229, 0.7451819777488708, 0.7601712942123413, 0.7805138826370239, 0.7730192542076111, 0.8222697973251343, 0.7955031991004944, 0.8126338124275208, 0.7987151741981506, 0.8126338124275208, 0.8083511590957642, 0.835117757320404, 0.8426123857498169, 0.815845787525177, 0.8458244204521179, 0.8533190488815308, 0.8543897271156311, 0.8436830639839172, 0.8650963306427002, 0.8725910186767578, 0.8383297324180603, 0.8800856471061707, 0.8907922506332397, 0.8822269439697266], "auc": [0.5728022456169128, 0.7996625900268555, 0.8356003761291504, 0.8455750942230225, 0.8549623489379883, 0.8784527778625488, 0.8568221926689148, 0.8783501386642456, 0.8907178044319153, 0.8989219665527344, 0.8939297795295715, 0.9042001366615295, 0.9101691246032715, 0.9005635380744934, 0.9243342280387878, 0.9126468896865845, 0.9225334525108337, 0.925179660320282, 0.9327218532562256, 0.9416752457618713, 0.9199925065040588, 0.9441655874252319, 0.9588786363601685, 0.9502060413360596], "val_loss": [0.64404296875, 0.59521484375, 0.5166015625, 0.54248046875, 0.556640625, 0.49560546875, 0.5703125, 0.4736328125, 0.572265625, 0.54931640625, 0.442626953125, 0.50146484375, 0.57177734375, 0.41552734375, 0.50244140625, 0.5927734375, 0.43408203125, 0.51123046875, 0.43798828125, 0.5458984375, 0.456298828125, 0.49560546875, 0.74755859375, 0.63037109375], "val_accuracy": [0.71875, 0.71875, 0.75, 0.75, 0.65625, 0.78125, 0.6875, 0.84375, 0.78125, 0.75, 0.78125, 0.78125, 0.75, 0.84375, 0.75, 0.78125, 0.84375, 0.8125, 0.8125, 0.875, 0.84375, 0.84375, 0.78125, 0.84375], "val_auc": [0.7041015625, 0.77685546875, 0.8232421875, 0.80322265625, 0.7861328125, 0.84423828125, 0.77099609375, 0.853515625, 0.8330078125, 0.81494140625, 0.88671875, 0.82373046875, 0.8046875, 0.8779296875, 0.85546875, 0.822265625, 0.8857421875, 0.87255859375, 0.890625, 0.8916015625, 0.8828125, 0.8857421875, 0.8447265625, 0.83837890625]}