{"loss": [0.6925563812255859, 0.6479377150535583, 0.6185142993927002, 0.5930536389350891, 0.5799986720085144, 0.5648253560066223, 0.5474553108215332, 0.5521807670593262, 0.5152893662452698, 0.494872510433197, 0.49115341901779175, 0.5280218124389648, 0.49044662714004517, 0.4794189929962158, 0.46486935019493103, 0.47188565135002136, 0.473858118057251, 0.47108790278434753, 0.43525201082229614, 0.4476524889469147, 0.439340204000473, 0.44359228014945984, 0.43279650807380676, 0.41567057371139526, 0.41105490922927856, 0.41506415605545044, 0.4158049523830414, 0.4349571764469147, 0.44603392481803894, 0.40215083956718445], "accuracy": [0.5438972115516663, 0.6316916346549988, 0.6734475493431091, 0.6884368062019348, 0.697002112865448, 0.7205567359924316, 0.7537473440170288, 0.7194860577583313, 0.7633832693099976, 0.7730192542076111, 0.7719485759735107, 0.7323340177536011, 0.7708779573440552, 0.7815845608711243, 0.7826552391052246, 0.7890792489051819, 0.7740899324417114, 0.783725917339325, 0.799785852432251, 0.8104925155639648, 0.8062098622322083, 0.8051391839981079, 0.8137044906616211, 0.8104925155639648, 0.8137044906616211, 0.8179871439933777, 0.8137044906616211, 0.8115631341934204, 0.7858672142028809, 0.815845787525177], "auc": [0.5690354704856873, 0.6751704216003418, 0.7349861264228821, 0.756227970123291, 0.7715709209442139, 0.7955335974693298, 0.8115700483322144, 0.806232213973999, 0.8360531330108643, 0.8487916588783264, 0.8506097197532654, 0.8163267374038696, 0.8524404168128967, 0.8576728105545044, 0.8695520162582397, 0.8633086681365967, 0.8578705191612244, 0.8608227968215942, 0.8816227912902832, 0.8806748390197754, 0.8784475922584534, 0.8767848014831543, 0.8881568908691406, 0.8931147456169128, 0.8962849378585815, 0.8921053409576416, 0.8963496088981628, 0.8819804787635803, 0.8775275945663452, 0.8971325159072876], "val_loss": [0.676025390625, 0.591552734375, 0.559326171875, 0.5465087890625, 0.546142578125, 0.498291015625, 0.5330810546875, 0.49609375, 0.4671630859375, 0.4354248046875, 0.4417724609375, 0.468017578125, 0.466796875, 0.43701171875, 0.4818115234375, 0.4361572265625, 0.4293212890625, 0.45751953125, 0.3841552734375, 0.379638671875, 0.40087890625, 0.42333984375, 0.3846435546875, 0.4371337890625, 0.4150390625, 0.3892822265625, 0.4267578125, 0.400634765625, 0.467529296875, 0.39697265625], "val_accuracy": [0.5, 0.734375, 0.796875, 0.71875, 0.703125, 0.8125, 0.71875, 0.765625, 0.78125, 0.765625, 0.78125, 0.8125, 0.75, 0.8125, 0.765625, 0.765625, 0.75, 0.75, 0.828125, 0.796875, 0.796875, 0.8125, 0.828125, 0.765625, 0.84375, 0.8125, 0.84375, 0.84375, 0.8125, 0.796875], "val_auc": [0.59326171875, 0.7869873046875, 0.812744140625, 0.8157958984375, 0.8316650390625, 0.8489990234375, 0.823974609375, 0.8515625, 0.8612060546875, 0.889404296875, 0.8812255859375, 0.869140625, 0.855712890625, 0.8720703125, 0.845458984375, 0.8798828125, 0.881591796875, 0.87646484375, 0.909912109375, 0.9119873046875, 0.894287109375, 0.87890625, 0.9046630859375, 0.87353515625, 0.88720703125, 0.9041748046875, 0.8822021484375, 0.89794921875, 0.861083984375, 0.893310546875]}