{"loss": [0.6924288272857666, 0.6647975444793701, 0.6132854223251343, 0.590681254863739, 0.5728114247322083, 0.573347806930542, 0.5283307433128357, 0.5212538242340088, 0.5377241373062134, 0.5193294286727905, 0.4978001117706299, 0.4945797622203827, 0.4676050841808319, 0.4676751494407654, 0.4566809833049774, 0.4685973525047302, 0.45626431703567505, 0.44862329959869385, 0.4374701976776123, 0.45263880491256714, 0.42437705397605896, 0.4471208155155182, 0.4298155903816223, 0.39662864804267883, 0.41357317566871643, 0.42161986231803894, 0.40097299218177795, 0.4208649694919586, 0.42775842547416687, 0.3967849612236023, 0.3985985219478607, 0.3823681175708771, 0.3658387064933777, 0.3707774579524994, 0.3663296103477478, 0.41945868730545044, 0.3790024518966675, 0.38439705967903137, 0.3628062903881073, 0.34728193283081055], "accuracy": [0.5460385084152222, 0.6070663928985596, 0.6691648960113525, 0.6884368062019348, 0.7098500728607178, 0.7141327261924744, 0.7612419724464417, 0.7548179626464844, 0.7398287057876587, 0.7569593191146851, 0.7698072791099548, 0.7633832693099976, 0.7890792489051819, 0.783725917339325, 0.8008565306663513, 0.7880085706710815, 0.7955031991004944, 0.8008565306663513, 0.799785852432251, 0.7805138826370239, 0.8062098622322083, 0.8008565306663513, 0.8286938071250916, 0.8308351039886475, 0.8115631341934204, 0.7976445555686951, 0.815845787525177, 0.8211991190910339, 0.7987151741981506, 0.8222697973251343, 0.8137044906616211, 0.8254817724227905, 0.8415417671203613, 0.835117757320404, 0.8415417671203613, 0.8126338124275208, 0.8361884355545044, 0.835117757320404, 0.8372591137886047, 0.8426123857498169], "auc": [0.5723844170570374, 0.6418687105178833, 0.735575795173645, 0.7567042112350464, 0.7840898633003235, 0.7768193483352661, 0.8283224105834961, 0.8249751329421997, 0.8157185316085815, 0.8281877040863037, 0.8441072106361389, 0.8432945013046265, 0.8644658327102661, 0.8628708124160767, 0.8739557266235352, 0.8647822737693787, 0.8689537644386292, 0.8730529546737671, 0.8829061985015869, 0.8749473094940186, 0.8874364495277405, 0.8764867186546326, 0.8909739851951599, 0.9035766124725342, 0.89385586977005, 0.8853294849395752, 0.9051120281219482, 0.8923139572143555, 0.8864202499389648, 0.9011578559875488, 0.898414134979248, 0.9093117117881775, 0.9156164526939392, 0.9160847663879395, 0.9165707230567932, 0.8946639895439148, 0.9112833142280579, 0.9090961813926697, 0.9200246334075928, 0.9237524271011353], "val_loss": [0.719970703125, 0.62158203125, 0.551513671875, 0.576171875, 0.5081787109375, 0.501220703125, 0.4971923828125, 0.4852294921875, 0.518798828125, 0.4522705078125, 0.4718017578125, 0.4434814453125, 0.434326171875, 0.4451904296875, 0.4344482421875, 0.4210205078125, 0.4244384765625, 0.431884765625, 0.3843994140625, 0.3878173828125, 0.38720703125, 0.46337890625, 0.39501953125, 0.4171142578125, 0.4541015625, 0.4168701171875, 0.416748046875, 0.38037109375, 0.41796875, 0.3736572265625, 0.3975830078125, 0.428466796875, 0.4693603515625, 0.43017578125, 0.5194091796875, 0.4554443359375, 0.4129638671875, 0.3726806640625, 0.39111328125, 0.460205078125], "val_accuracy": [0.453125, 0.71875, 0.765625, 0.703125, 0.78125, 0.75, 0.734375, 0.78125, 0.734375, 0.8125, 0.75, 0.78125, 0.75, 0.8125, 0.84375, 0.765625, 0.8125, 0.8125, 0.8125, 0.8125, 0.796875, 0.8125, 0.84375, 0.796875, 0.8125, 0.796875, 0.8125, 0.859375, 0.796875, 0.8125, 0.796875, 0.796875, 0.765625, 0.8125, 0.796875, 0.796875, 0.796875, 0.84375, 0.8125, 0.8125], "val_auc": [0.5631103515625, 0.7327880859375, 0.8289794921875, 0.776123046875, 0.847900390625, 0.8646240234375, 0.8509521484375, 0.842041015625, 0.829833984375, 0.879638671875, 0.86083984375, 0.8809814453125, 0.88232421875, 0.865234375, 0.8734130859375, 0.8990478515625, 0.87841796875, 0.887939453125, 0.9139404296875, 0.9134521484375, 0.9046630859375, 0.862548828125, 0.8914794921875, 0.8948974609375, 0.863037109375, 0.900390625, 0.8895263671875, 0.9107666015625, 0.886962890625, 0.9140625, 0.893798828125, 0.881591796875, 0.859130859375, 0.881591796875, 0.83447265625, 0.86474609375, 0.889404296875, 0.9146728515625, 0.895751953125, 0.865234375]}