{"loss": [0.6939145922660828], "accuracy": [0.5396145582199097], "auc": [0.5677509903907776], "val_loss": [0.6865234375], "val_accuracy": [0.484375], "val_auc": [0.5733642578125]}