{"loss": [0.6997739672660828, 0.6771436333656311, 0.6668855547904968, 0.63330078125, 0.6271068453788757, 0.6191719770431519, 0.6130763292312622, 0.5904418230056763, 0.5856886506080627, 0.5787742733955383, 0.5676630139350891, 0.5630201697349548, 0.5429478287696838, 0.5295697450637817, 0.5292263031005859, 0.5440917015075684, 0.533881664276123, 0.5232362151145935, 0.5014595985412598, 0.5065128207206726, 0.5093683004379272, 0.5013900995254517, 0.48490405082702637, 0.49787434935569763, 0.48745104670524597, 0.49414896965026855, 0.4659781754016876, 0.46898001432418823, 0.47660955786705017, 0.4728183150291443, 0.4704553186893463, 0.4595939517021179, 0.4580872654914856, 0.4664079248905182, 0.4463617205619812, 0.4565105438232422, 0.4370347261428833, 0.44134142994880676, 0.46924036741256714, 0.44299447536468506], "accuracy": [0.5449678897857666, 0.5856531262397766, 0.5910063982009888, 0.6659528613090515, 0.6691648960113525, 0.6777302026748657, 0.6734475493431091, 0.7055674195289612, 0.7012847661972046, 0.7077087759971619, 0.7194860577583313, 0.7226980924606323, 0.7355460524559021, 0.7537473440170288, 0.7473233342170715, 0.7259100675582886, 0.7462526559829712, 0.7644539475440979, 0.7730192542076111, 0.762312650680542, 0.762312650680542, 0.7719485759735107, 0.7794432640075684, 0.7655246257781982, 0.7740899324417114, 0.7687366008758545, 0.794432520866394, 0.7773019075393677, 0.7869378924369812, 0.7751606106758118, 0.7773019075393677, 0.7976445555686951, 0.799785852432251, 0.7955031991004944, 0.8062098622322083, 0.8040685057640076, 0.8083511590957642, 0.7912205457687378, 0.7922912240028381, 0.7858672142028809], "auc": [0.5544049739837646, 0.6161744594573975, 0.6423816680908203, 0.7183254957199097, 0.7135308980941772, 0.7334712147712708, 0.7349900603294373, 0.764327883720398, 0.7666457295417786, 0.7739059329032898, 0.7936490774154663, 0.793160080909729, 0.8088274002075195, 0.8208770155906677, 0.820216178894043, 0.8070695996284485, 0.8178392648696899, 0.8254588842391968, 0.8410293459892273, 0.8395122289657593, 0.8338143825531006, 0.8406264781951904, 0.8510178327560425, 0.8412694931030273, 0.8470131158828735, 0.8467225432395935, 0.8647805452346802, 0.8622558116912842, 0.8599488139152527, 0.8561080694198608, 0.8610968589782715, 0.8665200471878052, 0.8695687055587769, 0.8671092391014099, 0.8770507574081421, 0.8696742057800293, 0.8820562362670898, 0.8779168128967285, 0.8641247749328613, 0.875933051109314], "val_loss": [0.65625, 0.643310546875, 0.6064453125, 0.58203125, 0.60546875, 0.588134765625, 0.5533447265625, 0.5433349609375, 0.5208740234375, 0.49853515625, 0.5262451171875, 0.482177734375, 0.5738525390625, 0.4442138671875, 0.46728515625, 0.461669921875, 0.451416015625, 0.435791015625, 0.43505859375, 0.42822265625, 0.5123291015625, 0.436279296875, 0.445556640625, 0.5032958984375, 0.43603515625, 0.4525146484375, 0.4326171875, 0.4298095703125, 0.4208984375, 0.488037109375, 0.429931640625, 0.4404296875, 0.4210205078125, 0.421630859375, 0.4178466796875, 0.4166259765625, 0.418212890625, 0.417236328125, 0.435302734375, 0.429443359375], "val_accuracy": [0.6875, 0.765625, 0.78125, 0.765625, 0.75, 0.765625, 0.796875, 0.796875, 0.765625, 0.796875, 0.78125, 0.78125, 0.6875, 0.796875, 0.796875, 0.78125, 0.828125, 0.828125, 0.828125, 0.828125, 0.71875, 0.828125, 0.84375, 0.75, 0.828125, 0.8125, 0.828125, 0.84375, 0.859375, 0.78125, 0.8125, 0.796875, 0.84375, 0.84375, 0.8125, 0.828125, 0.8125, 0.8125, 0.828125, 0.796875], "val_auc": [0.8038330078125, 0.800537109375, 0.80517578125, 0.802734375, 0.7672119140625, 0.790771484375, 0.8287353515625, 0.8299560546875, 0.843994140625, 0.8641357421875, 0.835205078125, 0.8658447265625, 0.7769775390625, 0.8834228515625, 0.8619384765625, 0.864501953125, 0.88232421875, 0.8851318359375, 0.880615234375, 0.8841552734375, 0.8275146484375, 0.8809814453125, 0.875, 0.8367919921875, 0.8807373046875, 0.8726806640625, 0.877197265625, 0.8802490234375, 0.882080078125, 0.84423828125, 0.8779296875, 0.873779296875, 0.8853759765625, 0.8868408203125, 0.888916015625, 0.889892578125, 0.8846435546875, 0.8829345703125, 0.88134765625, 0.88525390625]}