{"loss": [0.6924288272857666], "accuracy": [0.5460385084152222], "auc": [0.5723844170570374], "val_loss": [0.719970703125], "val_accuracy": [0.453125], "val_auc": [0.5631103515625]}